{
    "amounts": {
        "edges": 17307699,
        "vertices": 3092808
    },
    "duration": {
        "formatted": "3m 2s",
        "seconds": 182
    },
    "edges": {
        "more_than_once": 30809,
        "more_than_once_ratio": 0.0017800748
    },
    "in_node_path_length": {
        "avg": 1.0079739,
        "std": 0.08253865
    },
    "render_search_range": {
        "avg": 0.03215143,
        "std": 0.0016059368
    },
    "sizes": {
        "node_radius": 0.025980763,
        "scene_radius": 4.3301272
    }
}
