{
    "amounts": {
        "edges": 29163713,
        "vertices": 3415094
    },
    "duration": {
        "formatted": "4m 35s",
        "seconds": 275
    },
    "edges": {
        "more_than_once": 76867,
        "more_than_once_ratio": 0.002635707
    },
    "in_node_path_length": {
        "avg": 1.0593934,
        "std": 0.112636276
    },
    "render_search_range": {
        "avg": 0.031541888,
        "std": 0.0012138527
    },
    "sizes": {
        "node_radius": 0.025980763,
        "scene_radius": 4.3301272
    }
}
