{
    "amounts": {
        "edges": 24923515,
        "vertices": 3328331
    },
    "duration": {
        "formatted": "4m 5s",
        "seconds": 245
    },
    "edges": {
        "more_than_once": 58204,
        "more_than_once_ratio": 0.0023353046
    },
    "in_node_path_length": {
        "avg": 1.0384135,
        "std": 0.107328326
    },
    "render_search_range": {
        "avg": 0.031673618,
        "std": 0.0012981475
    },
    "sizes": {
        "node_radius": 0.025980763,
        "scene_radius": 4.3301272
    }
}
