{
    "amounts": {
        "edges": 17672620,
        "vertices": 1223264
    },
    "duration": {
        "formatted": "6m 47s",
        "seconds": 407
    },
    "edges": {
        "more_than_once": 1940413,
        "more_than_once_ratio": 0.1097977
    },
    "in_node_path_length": {
        "avg": 1.2211611,
        "std": 0.24507447
    },
    "render_search_range": {
        "avg": 0.029071067,
        "std": 0.0027766859
    },
    "sizes": {
        "node_radius": 0.023382688,
        "scene_radius": 11.691344
    }
}
