{
    "amounts": {
        "edges": 5127628,
        "vertices": 912468
    },
    "duration": {
        "formatted": "2m 28s",
        "seconds": 148
    },
    "edges": {
        "more_than_once": 738535,
        "more_than_once_ratio": 0.14403054
    },
    "in_node_path_length": {
        "avg": 1.0482203,
        "std": 0.22832821
    },
    "render_search_range": {
        "avg": 0.030821912,
        "std": 0.003740596
    },
    "sizes": {
        "node_radius": 0.023382688,
        "scene_radius": 11.691344
    }
}
