{
    "amounts": {
        "edges": 11243802,
        "vertices": 1120494
    },
    "duration": {
        "formatted": "5m 28s",
        "seconds": 328
    },
    "edges": {
        "more_than_once": 1000067,
        "more_than_once_ratio": 0.08894385
    },
    "in_node_path_length": {
        "avg": 1.0798538,
        "std": 0.21715079
    },
    "render_search_range": {
        "avg": 0.02959345,
        "std": 0.0030156884
    },
    "sizes": {
        "node_radius": 0.023382688,
        "scene_radius": 11.691344
    }
}
