{
    "amounts": {
        "edges": 7663467,
        "vertices": 1008803
    },
    "duration": {
        "formatted": "2m 51s",
        "seconds": 171
    },
    "edges": {
        "more_than_once": 1431684,
        "more_than_once_ratio": 0.18681936
    },
    "in_node_path_length": {
        "avg": 1.0272639,
        "std": 0.27368
    },
    "render_search_range": {
        "avg": 0.030177962,
        "std": 0.0034556922
    },
    "sizes": {
        "node_radius": 0.023382688,
        "scene_radius": 11.691344
    }
}
