{
    "amounts": {
        "edges": 22591426,
        "vertices": 1274374
    },
    "duration": {
        "formatted": "7m 42s",
        "seconds": 462
    },
    "edges": {
        "more_than_once": 2945584,
        "more_than_once_ratio": 0.13038504
    },
    "in_node_path_length": {
        "avg": 1.3817191,
        "std": 0.33203706
    },
    "render_search_range": {
        "avg": 0.028835183,
        "std": 0.0026845576
    },
    "sizes": {
        "node_radius": 0.023382688,
        "scene_radius": 11.691344
    }
}
