{
    "amounts": {
        "edges": 5884376,
        "vertices": 957633
    },
    "duration": {
        "formatted": "6m 42s",
        "seconds": 402
    },
    "edges": {
        "more_than_once": 366104,
        "more_than_once_ratio": 0.062216282
    },
    "in_node_path_length": {
        "avg": 1.0135663,
        "std": 0.15661432
    },
    "render_search_range": {
        "avg": 0.03056078,
        "std": 0.003472548
    },
    "sizes": {
        "node_radius": 0.023382688,
        "scene_radius": 11.691344
    }
}
